flag,ticker,date,task_id,adapters_involved,detail,limitation
BUY_WITH_HIGH_RISK,JNJ,2026-07-06,,"deepalpha,fingpt",deepalpha says BUY on JNJ/2026-07-06; fingpt reports risk_level=HIGH,"exact (ticker, date) join across Q1/Q2 — no approximation."
BUY_WITH_HIGH_RISK,JNJ,2026-07-06,,"deepalpha,nofx",deepalpha says BUY on JNJ/2026-07-06; nofx reports risk_level=EXTREME,"exact (ticker, date) join across Q1/Q2 — no approximation."
BUY_WITH_HIGH_RISK,JNJ,2026-07-06,,"deepalpha,tradingagents",deepalpha says BUY on JNJ/2026-07-06; tradingagents reports risk_level=HIGH,"exact (ticker, date) join across Q1/Q2 — no approximation."
BUY_WITH_HIGH_RISK,MSFT,2026-07-06,,"deepalpha,fingpt",deepalpha says BUY on MSFT/2026-07-06; fingpt reports risk_level=HIGH,"exact (ticker, date) join across Q1/Q2 — no approximation."
BUY_WITH_HIGH_RISK,NVDA,2026-07-06,,"deepalpha,fingpt",deepalpha says BUY on NVDA/2026-07-06; fingpt reports risk_level=HIGH,"exact (ticker, date) join across Q1/Q2 — no approximation."
BUY_WITH_HIGH_RISK,NVDA,2026-07-06,,"deepalpha,nofx",deepalpha says BUY on NVDA/2026-07-06; nofx reports risk_level=HIGH,"exact (ticker, date) join across Q1/Q2 — no approximation."
BUY_WITH_HIGH_RISK,GLD,2026-07-06,,"nofx,tradingagents",tradingagents says BUY on GLD/2026-07-06; nofx reports risk_level=EXTREME,"exact (ticker, date) join across Q1/Q2 — no approximation."
BUY_WITH_HIGH_RISK,JPM,2026-07-06,,"fingpt,tradingagents",tradingagents says BUY on JPM/2026-07-06; fingpt reports risk_level=HIGH,"exact (ticker, date) join across Q1/Q2 — no approximation."
BUY_WITH_HIGH_RISK,JPM,2026-07-06,,"nofx,tradingagents",tradingagents says BUY on JPM/2026-07-06; nofx reports risk_level=HIGH,"exact (ticker, date) join across Q1/Q2 — no approximation."
BUY_WITH_HIGH_RISK,MSFT,2026-07-06,,"fingpt,tradingagents",tradingagents says BUY on MSFT/2026-07-06; fingpt reports risk_level=HIGH,"exact (ticker, date) join across Q1/Q2 — no approximation."
BUY_WITH_HIGH_RISK,NVDA,2026-07-06,,"fingpt,tradingagents",tradingagents says BUY on NVDA/2026-07-06; fingpt reports risk_level=HIGH,"exact (ticker, date) join across Q1/Q2 — no approximation."
BUY_WITH_HIGH_RISK,NVDA,2026-07-06,,"nofx,tradingagents",tradingagents says BUY on NVDA/2026-07-06; nofx reports risk_level=HIGH,"exact (ticker, date) join across Q1/Q2 — no approximation."
BUY_WITH_HIGH_RISK,SPY,2026-07-06,,"fingpt,tradingagents",tradingagents says BUY on SPY/2026-07-06; fingpt reports risk_level=HIGH,"exact (ticker, date) join across Q1/Q2 — no approximation."
BUY_WITH_HIGH_RISK,XOM,2026-07-06,,"fingpt,tradingagents",tradingagents says BUY on XOM/2026-07-06; fingpt reports risk_level=HIGH,"exact (ticker, date) join across Q1/Q2 — no approximation."
BUY_WITH_HIGH_RISK,XOM,2026-07-06,,"nofx,tradingagents",tradingagents says BUY on XOM/2026-07-06; nofx reports risk_level=HIGH,"exact (ticker, date) join across Q1/Q2 — no approximation."
LONG_WITH_WEAK_VALIDATION,NVDA,2026-07-06,observation_batch_day1__2026-07-06,"agentictrading,alphagen",alphagen LONG on NVDA; agentictrading validation_status=weak (task observation_batch_day1__2026-07-06),"Q5Backtest has no ticker/date field in CONTRACT/schemas.py. Joined on task_id only: 'this adapter's LONG signal for ticker X' is compared against 'some Q5 backtest reported in the same comparison run', which may not be the same strategy or period."
LONG_WITH_WEAK_VALIDATION,NVDA,2026-07-06,observation_batch_day1__2026-07-06,"alphagen,finrl",alphagen LONG on NVDA; finrl validation_status=weak (task observation_batch_day1__2026-07-06),"Q5Backtest has no ticker/date field in CONTRACT/schemas.py. Joined on task_id only: 'this adapter's LONG signal for ticker X' is compared against 'some Q5 backtest reported in the same comparison run', which may not be the same strategy or period."
LONG_WITH_WEAK_VALIDATION,NVDA,2026-07-06,observation_batch_day1__2026-07-06,"alphagen,prediction_arena",alphagen LONG on NVDA; prediction_arena validation_status=fail (task observation_batch_day1__2026-07-06),"Q5Backtest has no ticker/date field in CONTRACT/schemas.py. Joined on task_id only: 'this adapter's LONG signal for ticker X' is compared against 'some Q5 backtest reported in the same comparison run', which may not be the same strategy or period."
LONG_WITH_WEAK_VALIDATION,NVDA,2026-07-06,observation_batch_day1__2026-07-06,"alphagen,vibe_trading",alphagen LONG on NVDA; vibe_trading validation_status=weak (task observation_batch_day1__2026-07-06),"Q5Backtest has no ticker/date field in CONTRACT/schemas.py. Joined on task_id only: 'this adapter's LONG signal for ticker X' is compared against 'some Q5 backtest reported in the same comparison run', which may not be the same strategy or period."
LONG_WITH_WEAK_VALIDATION,JNJ,2026-07-06,observation_batch_day1__2026-07-06,"agentictrading,deepalpha",deepalpha LONG on JNJ; agentictrading validation_status=weak (task observation_batch_day1__2026-07-06),"Q5Backtest has no ticker/date field in CONTRACT/schemas.py. Joined on task_id only: 'this adapter's LONG signal for ticker X' is compared against 'some Q5 backtest reported in the same comparison run', which may not be the same strategy or period."
LONG_WITH_WEAK_VALIDATION,JNJ,2026-07-06,observation_batch_day1__2026-07-06,"deepalpha,finrl",deepalpha LONG on JNJ; finrl validation_status=weak (task observation_batch_day1__2026-07-06),"Q5Backtest has no ticker/date field in CONTRACT/schemas.py. Joined on task_id only: 'this adapter's LONG signal for ticker X' is compared against 'some Q5 backtest reported in the same comparison run', which may not be the same strategy or period."
LONG_WITH_WEAK_VALIDATION,JNJ,2026-07-06,observation_batch_day1__2026-07-06,"deepalpha,prediction_arena",deepalpha LONG on JNJ; prediction_arena validation_status=fail (task observation_batch_day1__2026-07-06),"Q5Backtest has no ticker/date field in CONTRACT/schemas.py. Joined on task_id only: 'this adapter's LONG signal for ticker X' is compared against 'some Q5 backtest reported in the same comparison run', which may not be the same strategy or period."
LONG_WITH_WEAK_VALIDATION,JNJ,2026-07-06,observation_batch_day1__2026-07-06,"deepalpha,vibe_trading",deepalpha LONG on JNJ; vibe_trading validation_status=weak (task observation_batch_day1__2026-07-06),"Q5Backtest has no ticker/date field in CONTRACT/schemas.py. Joined on task_id only: 'this adapter's LONG signal for ticker X' is compared against 'some Q5 backtest reported in the same comparison run', which may not be the same strategy or period."
LONG_WITH_WEAK_VALIDATION,MSFT,2026-07-06,observation_batch_day1__2026-07-06,"agentictrading,deepalpha",deepalpha LONG on MSFT; agentictrading validation_status=weak (task observation_batch_day1__2026-07-06),"Q5Backtest has no ticker/date field in CONTRACT/schemas.py. Joined on task_id only: 'this adapter's LONG signal for ticker X' is compared against 'some Q5 backtest reported in the same comparison run', which may not be the same strategy or period."
LONG_WITH_WEAK_VALIDATION,MSFT,2026-07-06,observation_batch_day1__2026-07-06,"deepalpha,finrl",deepalpha LONG on MSFT; finrl validation_status=weak (task observation_batch_day1__2026-07-06),"Q5Backtest has no ticker/date field in CONTRACT/schemas.py. Joined on task_id only: 'this adapter's LONG signal for ticker X' is compared against 'some Q5 backtest reported in the same comparison run', which may not be the same strategy or period."
LONG_WITH_WEAK_VALIDATION,MSFT,2026-07-06,observation_batch_day1__2026-07-06,"deepalpha,prediction_arena",deepalpha LONG on MSFT; prediction_arena validation_status=fail (task observation_batch_day1__2026-07-06),"Q5Backtest has no ticker/date field in CONTRACT/schemas.py. Joined on task_id only: 'this adapter's LONG signal for ticker X' is compared against 'some Q5 backtest reported in the same comparison run', which may not be the same strategy or period."
LONG_WITH_WEAK_VALIDATION,MSFT,2026-07-06,observation_batch_day1__2026-07-06,"deepalpha,vibe_trading",deepalpha LONG on MSFT; vibe_trading validation_status=weak (task observation_batch_day1__2026-07-06),"Q5Backtest has no ticker/date field in CONTRACT/schemas.py. Joined on task_id only: 'this adapter's LONG signal for ticker X' is compared against 'some Q5 backtest reported in the same comparison run', which may not be the same strategy or period."
LONG_WITH_WEAK_VALIDATION,QQQ,2026-07-06,observation_batch_day1__2026-07-06,"agentictrading,deepalpha",deepalpha LONG on QQQ; agentictrading validation_status=weak (task observation_batch_day1__2026-07-06),"Q5Backtest has no ticker/date field in CONTRACT/schemas.py. Joined on task_id only: 'this adapter's LONG signal for ticker X' is compared against 'some Q5 backtest reported in the same comparison run', which may not be the same strategy or period."
LONG_WITH_WEAK_VALIDATION,QQQ,2026-07-06,observation_batch_day1__2026-07-06,"deepalpha,finrl",deepalpha LONG on QQQ; finrl validation_status=weak (task observation_batch_day1__2026-07-06),"Q5Backtest has no ticker/date field in CONTRACT/schemas.py. Joined on task_id only: 'this adapter's LONG signal for ticker X' is compared against 'some Q5 backtest reported in the same comparison run', which may not be the same strategy or period."
LONG_WITH_WEAK_VALIDATION,QQQ,2026-07-06,observation_batch_day1__2026-07-06,"deepalpha,prediction_arena",deepalpha LONG on QQQ; prediction_arena validation_status=fail (task observation_batch_day1__2026-07-06),"Q5Backtest has no ticker/date field in CONTRACT/schemas.py. Joined on task_id only: 'this adapter's LONG signal for ticker X' is compared against 'some Q5 backtest reported in the same comparison run', which may not be the same strategy or period."
LONG_WITH_WEAK_VALIDATION,QQQ,2026-07-06,observation_batch_day1__2026-07-06,"deepalpha,vibe_trading",deepalpha LONG on QQQ; vibe_trading validation_status=weak (task observation_batch_day1__2026-07-06),"Q5Backtest has no ticker/date field in CONTRACT/schemas.py. Joined on task_id only: 'this adapter's LONG signal for ticker X' is compared against 'some Q5 backtest reported in the same comparison run', which may not be the same strategy or period."
LONG_WITH_WEAK_VALIDATION,XOM,2026-07-06,observation_batch_day1__2026-07-06,"agentictrading,deepalpha",deepalpha LONG on XOM; agentictrading validation_status=weak (task observation_batch_day1__2026-07-06),"Q5Backtest has no ticker/date field in CONTRACT/schemas.py. Joined on task_id only: 'this adapter's LONG signal for ticker X' is compared against 'some Q5 backtest reported in the same comparison run', which may not be the same strategy or period."
LONG_WITH_WEAK_VALIDATION,XOM,2026-07-06,observation_batch_day1__2026-07-06,"deepalpha,finrl",deepalpha LONG on XOM; finrl validation_status=weak (task observation_batch_day1__2026-07-06),"Q5Backtest has no ticker/date field in CONTRACT/schemas.py. Joined on task_id only: 'this adapter's LONG signal for ticker X' is compared against 'some Q5 backtest reported in the same comparison run', which may not be the same strategy or period."
LONG_WITH_WEAK_VALIDATION,XOM,2026-07-06,observation_batch_day1__2026-07-06,"deepalpha,prediction_arena",deepalpha LONG on XOM; prediction_arena validation_status=fail (task observation_batch_day1__2026-07-06),"Q5Backtest has no ticker/date field in CONTRACT/schemas.py. Joined on task_id only: 'this adapter's LONG signal for ticker X' is compared against 'some Q5 backtest reported in the same comparison run', which may not be the same strategy or period."
LONG_WITH_WEAK_VALIDATION,XOM,2026-07-06,observation_batch_day1__2026-07-06,"deepalpha,vibe_trading",deepalpha LONG on XOM; vibe_trading validation_status=weak (task observation_batch_day1__2026-07-06),"Q5Backtest has no ticker/date field in CONTRACT/schemas.py. Joined on task_id only: 'this adapter's LONG signal for ticker X' is compared against 'some Q5 backtest reported in the same comparison run', which may not be the same strategy or period."
LONG_WITH_WEAK_VALIDATION,AAPL,2026-07-06,observation_batch_day1__2026-07-06,"agentictrading,qlib",qlib LONG on AAPL; agentictrading validation_status=weak (task observation_batch_day1__2026-07-06),"Q5Backtest has no ticker/date field in CONTRACT/schemas.py. Joined on task_id only: 'this adapter's LONG signal for ticker X' is compared against 'some Q5 backtest reported in the same comparison run', which may not be the same strategy or period."
LONG_WITH_WEAK_VALIDATION,AAPL,2026-07-06,observation_batch_day1__2026-07-06,"finrl,qlib",qlib LONG on AAPL; finrl validation_status=weak (task observation_batch_day1__2026-07-06),"Q5Backtest has no ticker/date field in CONTRACT/schemas.py. Joined on task_id only: 'this adapter's LONG signal for ticker X' is compared against 'some Q5 backtest reported in the same comparison run', which may not be the same strategy or period."
LONG_WITH_WEAK_VALIDATION,AAPL,2026-07-06,observation_batch_day1__2026-07-06,"prediction_arena,qlib",qlib LONG on AAPL; prediction_arena validation_status=fail (task observation_batch_day1__2026-07-06),"Q5Backtest has no ticker/date field in CONTRACT/schemas.py. Joined on task_id only: 'this adapter's LONG signal for ticker X' is compared against 'some Q5 backtest reported in the same comparison run', which may not be the same strategy or period."
LONG_WITH_WEAK_VALIDATION,AAPL,2026-07-06,observation_batch_day1__2026-07-06,"qlib,vibe_trading",qlib LONG on AAPL; vibe_trading validation_status=weak (task observation_batch_day1__2026-07-06),"Q5Backtest has no ticker/date field in CONTRACT/schemas.py. Joined on task_id only: 'this adapter's LONG signal for ticker X' is compared against 'some Q5 backtest reported in the same comparison run', which may not be the same strategy or period."
LONG_WITH_WEAK_VALIDATION,JNJ,2026-07-06,observation_batch_day1__2026-07-06,"agentictrading,vibe_trading",vibe_trading LONG on JNJ; agentictrading validation_status=weak (task observation_batch_day1__2026-07-06),"Q5Backtest has no ticker/date field in CONTRACT/schemas.py. Joined on task_id only: 'this adapter's LONG signal for ticker X' is compared against 'some Q5 backtest reported in the same comparison run', which may not be the same strategy or period."
LONG_WITH_WEAK_VALIDATION,JNJ,2026-07-06,observation_batch_day1__2026-07-06,"finrl,vibe_trading",vibe_trading LONG on JNJ; finrl validation_status=weak (task observation_batch_day1__2026-07-06),"Q5Backtest has no ticker/date field in CONTRACT/schemas.py. Joined on task_id only: 'this adapter's LONG signal for ticker X' is compared against 'some Q5 backtest reported in the same comparison run', which may not be the same strategy or period."
LONG_WITH_WEAK_VALIDATION,JNJ,2026-07-06,observation_batch_day1__2026-07-06,"prediction_arena,vibe_trading",vibe_trading LONG on JNJ; prediction_arena validation_status=fail (task observation_batch_day1__2026-07-06),"Q5Backtest has no ticker/date field in CONTRACT/schemas.py. Joined on task_id only: 'this adapter's LONG signal for ticker X' is compared against 'some Q5 backtest reported in the same comparison run', which may not be the same strategy or period."
LONG_WITH_WEAK_VALIDATION,JNJ,2026-07-06,observation_batch_day1__2026-07-06,vibe_trading,vibe_trading LONG on JNJ; vibe_trading validation_status=weak (task observation_batch_day1__2026-07-06),"Q5Backtest has no ticker/date field in CONTRACT/schemas.py. Joined on task_id only: 'this adapter's LONG signal for ticker X' is compared against 'some Q5 backtest reported in the same comparison run', which may not be the same strategy or period."
LONG_WITH_WEAK_VALIDATION,JPM,2026-07-06,observation_batch_day1__2026-07-06,"agentictrading,vibe_trading",vibe_trading LONG on JPM; agentictrading validation_status=weak (task observation_batch_day1__2026-07-06),"Q5Backtest has no ticker/date field in CONTRACT/schemas.py. Joined on task_id only: 'this adapter's LONG signal for ticker X' is compared against 'some Q5 backtest reported in the same comparison run', which may not be the same strategy or period."
LONG_WITH_WEAK_VALIDATION,JPM,2026-07-06,observation_batch_day1__2026-07-06,"finrl,vibe_trading",vibe_trading LONG on JPM; finrl validation_status=weak (task observation_batch_day1__2026-07-06),"Q5Backtest has no ticker/date field in CONTRACT/schemas.py. Joined on task_id only: 'this adapter's LONG signal for ticker X' is compared against 'some Q5 backtest reported in the same comparison run', which may not be the same strategy or period."
LONG_WITH_WEAK_VALIDATION,JPM,2026-07-06,observation_batch_day1__2026-07-06,"prediction_arena,vibe_trading",vibe_trading LONG on JPM; prediction_arena validation_status=fail (task observation_batch_day1__2026-07-06),"Q5Backtest has no ticker/date field in CONTRACT/schemas.py. Joined on task_id only: 'this adapter's LONG signal for ticker X' is compared against 'some Q5 backtest reported in the same comparison run', which may not be the same strategy or period."
LONG_WITH_WEAK_VALIDATION,JPM,2026-07-06,observation_batch_day1__2026-07-06,vibe_trading,vibe_trading LONG on JPM; vibe_trading validation_status=weak (task observation_batch_day1__2026-07-06),"Q5Backtest has no ticker/date field in CONTRACT/schemas.py. Joined on task_id only: 'this adapter's LONG signal for ticker X' is compared against 'some Q5 backtest reported in the same comparison run', which may not be the same strategy or period."
LONG_WITH_WEAK_VALIDATION,QQQ,2026-07-06,observation_batch_day1__2026-07-06,"agentictrading,vibe_trading",vibe_trading LONG on QQQ; agentictrading validation_status=weak (task observation_batch_day1__2026-07-06),"Q5Backtest has no ticker/date field in CONTRACT/schemas.py. Joined on task_id only: 'this adapter's LONG signal for ticker X' is compared against 'some Q5 backtest reported in the same comparison run', which may not be the same strategy or period."
LONG_WITH_WEAK_VALIDATION,QQQ,2026-07-06,observation_batch_day1__2026-07-06,"finrl,vibe_trading",vibe_trading LONG on QQQ; finrl validation_status=weak (task observation_batch_day1__2026-07-06),"Q5Backtest has no ticker/date field in CONTRACT/schemas.py. Joined on task_id only: 'this adapter's LONG signal for ticker X' is compared against 'some Q5 backtest reported in the same comparison run', which may not be the same strategy or period."
LONG_WITH_WEAK_VALIDATION,QQQ,2026-07-06,observation_batch_day1__2026-07-06,"prediction_arena,vibe_trading",vibe_trading LONG on QQQ; prediction_arena validation_status=fail (task observation_batch_day1__2026-07-06),"Q5Backtest has no ticker/date field in CONTRACT/schemas.py. Joined on task_id only: 'this adapter's LONG signal for ticker X' is compared against 'some Q5 backtest reported in the same comparison run', which may not be the same strategy or period."
LONG_WITH_WEAK_VALIDATION,QQQ,2026-07-06,observation_batch_day1__2026-07-06,vibe_trading,vibe_trading LONG on QQQ; vibe_trading validation_status=weak (task observation_batch_day1__2026-07-06),"Q5Backtest has no ticker/date field in CONTRACT/schemas.py. Joined on task_id only: 'this adapter's LONG signal for ticker X' is compared against 'some Q5 backtest reported in the same comparison run', which may not be the same strategy or period."
LONG_WITH_WEAK_VALIDATION,SPY,2026-07-06,observation_batch_day1__2026-07-06,"agentictrading,vibe_trading",vibe_trading LONG on SPY; agentictrading validation_status=weak (task observation_batch_day1__2026-07-06),"Q5Backtest has no ticker/date field in CONTRACT/schemas.py. Joined on task_id only: 'this adapter's LONG signal for ticker X' is compared against 'some Q5 backtest reported in the same comparison run', which may not be the same strategy or period."
LONG_WITH_WEAK_VALIDATION,SPY,2026-07-06,observation_batch_day1__2026-07-06,"finrl,vibe_trading",vibe_trading LONG on SPY; finrl validation_status=weak (task observation_batch_day1__2026-07-06),"Q5Backtest has no ticker/date field in CONTRACT/schemas.py. Joined on task_id only: 'this adapter's LONG signal for ticker X' is compared against 'some Q5 backtest reported in the same comparison run', which may not be the same strategy or period."
LONG_WITH_WEAK_VALIDATION,SPY,2026-07-06,observation_batch_day1__2026-07-06,"prediction_arena,vibe_trading",vibe_trading LONG on SPY; prediction_arena validation_status=fail (task observation_batch_day1__2026-07-06),"Q5Backtest has no ticker/date field in CONTRACT/schemas.py. Joined on task_id only: 'this adapter's LONG signal for ticker X' is compared against 'some Q5 backtest reported in the same comparison run', which may not be the same strategy or period."
LONG_WITH_WEAK_VALIDATION,SPY,2026-07-06,observation_batch_day1__2026-07-06,vibe_trading,vibe_trading LONG on SPY; vibe_trading validation_status=weak (task observation_batch_day1__2026-07-06),"Q5Backtest has no ticker/date field in CONTRACT/schemas.py. Joined on task_id only: 'this adapter's LONG signal for ticker X' is compared against 'some Q5 backtest reported in the same comparison run', which may not be the same strategy or period."
LONG_WITH_WEAK_VALIDATION,NVDA,2026-06-08,observation_batch_day1_historical_extension__2026-06-08,"alphagen,finrl",alphagen LONG on NVDA; finrl validation_status=weak (task observation_batch_day1_historical_extension__2026-06-08),"Q5Backtest has no ticker/date field in CONTRACT/schemas.py. Joined on task_id only: 'this adapter's LONG signal for ticker X' is compared against 'some Q5 backtest reported in the same comparison run', which may not be the same strategy or period."
LONG_WITH_WEAK_VALIDATION,QQQ,2026-06-08,observation_batch_day1_historical_extension__2026-06-08,"deepalpha,finrl",deepalpha LONG on QQQ; finrl validation_status=weak (task observation_batch_day1_historical_extension__2026-06-08),"Q5Backtest has no ticker/date field in CONTRACT/schemas.py. Joined on task_id only: 'this adapter's LONG signal for ticker X' is compared against 'some Q5 backtest reported in the same comparison run', which may not be the same strategy or period."
LONG_WITH_WEAK_VALIDATION,GLD,2026-06-08,observation_batch_day1_historical_extension__2026-06-08,"finrl,qlib",qlib LONG on GLD; finrl validation_status=weak (task observation_batch_day1_historical_extension__2026-06-08),"Q5Backtest has no ticker/date field in CONTRACT/schemas.py. Joined on task_id only: 'this adapter's LONG signal for ticker X' is compared against 'some Q5 backtest reported in the same comparison run', which may not be the same strategy or period."
HIGH_CONFIDENCE_POOR_CALIBRATION,AAPL,2026-07-02,comparison_2026-07-02,deepalpha,"deepalpha confidence=0.96 on AAPL/2026-07-02, but is flagged overconfident historically","uses Experiment 3's overconfidence flags per (adapter, horizon) — no ticker/date approximation beyond that."
HIGH_CONFIDENCE_POOR_CALIBRATION,BTC-USD,2026-07-02,comparison_2026-07-02,deepalpha,"deepalpha confidence=1.00 on BTC-USD/2026-07-02, but is flagged overconfident historically","uses Experiment 3's overconfidence flags per (adapter, horizon) — no ticker/date approximation beyond that."
HIGH_CONFIDENCE_POOR_CALIBRATION,NVDA,2026-07-02,comparison_2026-07-02,deepalpha,"deepalpha confidence=0.95 on NVDA/2026-07-02, but is flagged overconfident historically","uses Experiment 3's overconfidence flags per (adapter, horizon) — no ticker/date approximation beyond that."
HIGH_CONFIDENCE_POOR_CALIBRATION,SPY,2026-07-02,comparison_2026-07-02,deepalpha,"deepalpha confidence=0.98 on SPY/2026-07-02, but is flagged overconfident historically","uses Experiment 3's overconfidence flags per (adapter, horizon) — no ticker/date approximation beyond that."
HIGH_CONFIDENCE_POOR_CALIBRATION,TSLA,2026-07-02,comparison_2026-07-02,deepalpha,"deepalpha confidence=0.90 on TSLA/2026-07-02, but is flagged overconfident historically","uses Experiment 3's overconfidence flags per (adapter, horizon) — no ticker/date approximation beyond that."
HIGH_CONFIDENCE_POOR_CALIBRATION,AAPL,2026-07-06,observation_batch_day1__2026-07-06,deepalpha,"deepalpha confidence=0.99 on AAPL/2026-07-06, but is flagged overconfident historically","uses Experiment 3's overconfidence flags per (adapter, horizon) — no ticker/date approximation beyond that."
HIGH_CONFIDENCE_POOR_CALIBRATION,GLD,2026-07-06,observation_batch_day1__2026-07-06,deepalpha,"deepalpha confidence=0.96 on GLD/2026-07-06, but is flagged overconfident historically","uses Experiment 3's overconfidence flags per (adapter, horizon) — no ticker/date approximation beyond that."
HIGH_CONFIDENCE_POOR_CALIBRATION,JNJ,2026-07-06,observation_batch_day1__2026-07-06,deepalpha,"deepalpha confidence=0.91 on JNJ/2026-07-06, but is flagged overconfident historically","uses Experiment 3's overconfidence flags per (adapter, horizon) — no ticker/date approximation beyond that."
HIGH_CONFIDENCE_POOR_CALIBRATION,JPM,2026-07-06,observation_batch_day1__2026-07-06,deepalpha,"deepalpha confidence=1.00 on JPM/2026-07-06, but is flagged overconfident historically","uses Experiment 3's overconfidence flags per (adapter, horizon) — no ticker/date approximation beyond that."
HIGH_CONFIDENCE_POOR_CALIBRATION,MSFT,2026-07-06,observation_batch_day1__2026-07-06,deepalpha,"deepalpha confidence=0.99 on MSFT/2026-07-06, but is flagged overconfident historically","uses Experiment 3's overconfidence flags per (adapter, horizon) — no ticker/date approximation beyond that."
HIGH_CONFIDENCE_POOR_CALIBRATION,NVDA,2026-07-06,observation_batch_day1__2026-07-06,deepalpha,"deepalpha confidence=0.99 on NVDA/2026-07-06, but is flagged overconfident historically","uses Experiment 3's overconfidence flags per (adapter, horizon) — no ticker/date approximation beyond that."
HIGH_CONFIDENCE_POOR_CALIBRATION,QQQ,2026-07-06,observation_batch_day1__2026-07-06,deepalpha,"deepalpha confidence=0.95 on QQQ/2026-07-06, but is flagged overconfident historically","uses Experiment 3's overconfidence flags per (adapter, horizon) — no ticker/date approximation beyond that."
HIGH_CONFIDENCE_POOR_CALIBRATION,SPY,2026-07-06,observation_batch_day1__2026-07-06,deepalpha,"deepalpha confidence=0.99 on SPY/2026-07-06, but is flagged overconfident historically","uses Experiment 3's overconfidence flags per (adapter, horizon) — no ticker/date approximation beyond that."
HIGH_CONFIDENCE_POOR_CALIBRATION,XOM,2026-07-06,observation_batch_day1__2026-07-06,deepalpha,"deepalpha confidence=0.98 on XOM/2026-07-06, but is flagged overconfident historically","uses Experiment 3's overconfidence flags per (adapter, horizon) — no ticker/date approximation beyond that."
HIGH_CONFIDENCE_POOR_CALIBRATION,GLD,2026-05-15,observation_batch_day1_historical_extension__2026-05-15,deepalpha,"deepalpha confidence=1.00 on GLD/2026-05-15, but is flagged overconfident historically","uses Experiment 3's overconfidence flags per (adapter, horizon) — no ticker/date approximation beyond that."
HIGH_CONFIDENCE_POOR_CALIBRATION,JPM,2026-05-15,observation_batch_day1_historical_extension__2026-05-15,deepalpha,"deepalpha confidence=0.93 on JPM/2026-05-15, but is flagged overconfident historically","uses Experiment 3's overconfidence flags per (adapter, horizon) — no ticker/date approximation beyond that."
HIGH_CONFIDENCE_POOR_CALIBRATION,NVDA,2026-05-15,observation_batch_day1_historical_extension__2026-05-15,deepalpha,"deepalpha confidence=0.96 on NVDA/2026-05-15, but is flagged overconfident historically","uses Experiment 3's overconfidence flags per (adapter, horizon) — no ticker/date approximation beyond that."
HIGH_CONFIDENCE_POOR_CALIBRATION,QQQ,2026-05-15,observation_batch_day1_historical_extension__2026-05-15,deepalpha,"deepalpha confidence=0.99 on QQQ/2026-05-15, but is flagged overconfident historically","uses Experiment 3's overconfidence flags per (adapter, horizon) — no ticker/date approximation beyond that."
HIGH_CONFIDENCE_POOR_CALIBRATION,SPY,2026-05-15,observation_batch_day1_historical_extension__2026-05-15,deepalpha,"deepalpha confidence=0.99 on SPY/2026-05-15, but is flagged overconfident historically","uses Experiment 3's overconfidence flags per (adapter, horizon) — no ticker/date approximation beyond that."
HIGH_CONFIDENCE_POOR_CALIBRATION,GLD,2026-05-21,observation_batch_day1_historical_extension__2026-05-21,deepalpha,"deepalpha confidence=0.97 on GLD/2026-05-21, but is flagged overconfident historically","uses Experiment 3's overconfidence flags per (adapter, horizon) — no ticker/date approximation beyond that."
HIGH_CONFIDENCE_POOR_CALIBRATION,JPM,2026-05-21,observation_batch_day1_historical_extension__2026-05-21,deepalpha,"deepalpha confidence=0.93 on JPM/2026-05-21, but is flagged overconfident historically","uses Experiment 3's overconfidence flags per (adapter, horizon) — no ticker/date approximation beyond that."
HIGH_CONFIDENCE_POOR_CALIBRATION,NVDA,2026-05-21,observation_batch_day1_historical_extension__2026-05-21,deepalpha,"deepalpha confidence=0.97 on NVDA/2026-05-21, but is flagged overconfident historically","uses Experiment 3's overconfidence flags per (adapter, horizon) — no ticker/date approximation beyond that."
HIGH_CONFIDENCE_POOR_CALIBRATION,QQQ,2026-05-21,observation_batch_day1_historical_extension__2026-05-21,deepalpha,"deepalpha confidence=0.98 on QQQ/2026-05-21, but is flagged overconfident historically","uses Experiment 3's overconfidence flags per (adapter, horizon) — no ticker/date approximation beyond that."
HIGH_CONFIDENCE_POOR_CALIBRATION,SPY,2026-05-21,observation_batch_day1_historical_extension__2026-05-21,deepalpha,"deepalpha confidence=1.00 on SPY/2026-05-21, but is flagged overconfident historically","uses Experiment 3's overconfidence flags per (adapter, horizon) — no ticker/date approximation beyond that."
HIGH_CONFIDENCE_POOR_CALIBRATION,GLD,2026-05-27,observation_batch_day1_historical_extension__2026-05-27,deepalpha,"deepalpha confidence=0.97 on GLD/2026-05-27, but is flagged overconfident historically","uses Experiment 3's overconfidence flags per (adapter, horizon) — no ticker/date approximation beyond that."
HIGH_CONFIDENCE_POOR_CALIBRATION,JPM,2026-05-27,observation_batch_day1_historical_extension__2026-05-27,deepalpha,"deepalpha confidence=0.96 on JPM/2026-05-27, but is flagged overconfident historically","uses Experiment 3's overconfidence flags per (adapter, horizon) — no ticker/date approximation beyond that."
HIGH_CONFIDENCE_POOR_CALIBRATION,NVDA,2026-05-27,observation_batch_day1_historical_extension__2026-05-27,deepalpha,"deepalpha confidence=0.98 on NVDA/2026-05-27, but is flagged overconfident historically","uses Experiment 3's overconfidence flags per (adapter, horizon) — no ticker/date approximation beyond that."
HIGH_CONFIDENCE_POOR_CALIBRATION,QQQ,2026-05-27,observation_batch_day1_historical_extension__2026-05-27,deepalpha,"deepalpha confidence=0.98 on QQQ/2026-05-27, but is flagged overconfident historically","uses Experiment 3's overconfidence flags per (adapter, horizon) — no ticker/date approximation beyond that."
HIGH_CONFIDENCE_POOR_CALIBRATION,SPY,2026-05-27,observation_batch_day1_historical_extension__2026-05-27,deepalpha,"deepalpha confidence=0.99 on SPY/2026-05-27, but is flagged overconfident historically","uses Experiment 3's overconfidence flags per (adapter, horizon) — no ticker/date approximation beyond that."
HIGH_CONFIDENCE_POOR_CALIBRATION,GLD,2026-06-02,observation_batch_day1_historical_extension__2026-06-02,deepalpha,"deepalpha confidence=0.97 on GLD/2026-06-02, but is flagged overconfident historically","uses Experiment 3's overconfidence flags per (adapter, horizon) — no ticker/date approximation beyond that."
HIGH_CONFIDENCE_POOR_CALIBRATION,JPM,2026-06-02,observation_batch_day1_historical_extension__2026-06-02,deepalpha,"deepalpha confidence=0.87 on JPM/2026-06-02, but is flagged overconfident historically","uses Experiment 3's overconfidence flags per (adapter, horizon) — no ticker/date approximation beyond that."
HIGH_CONFIDENCE_POOR_CALIBRATION,NVDA,2026-06-02,observation_batch_day1_historical_extension__2026-06-02,deepalpha,"deepalpha confidence=0.98 on NVDA/2026-06-02, but is flagged overconfident historically","uses Experiment 3's overconfidence flags per (adapter, horizon) — no ticker/date approximation beyond that."
HIGH_CONFIDENCE_POOR_CALIBRATION,QQQ,2026-06-02,observation_batch_day1_historical_extension__2026-06-02,deepalpha,"deepalpha confidence=0.99 on QQQ/2026-06-02, but is flagged overconfident historically","uses Experiment 3's overconfidence flags per (adapter, horizon) — no ticker/date approximation beyond that."
HIGH_CONFIDENCE_POOR_CALIBRATION,SPY,2026-06-02,observation_batch_day1_historical_extension__2026-06-02,deepalpha,"deepalpha confidence=1.00 on SPY/2026-06-02, but is flagged overconfident historically","uses Experiment 3's overconfidence flags per (adapter, horizon) — no ticker/date approximation beyond that."
HIGH_CONFIDENCE_POOR_CALIBRATION,GLD,2026-06-08,observation_batch_day1_historical_extension__2026-06-08,deepalpha,"deepalpha confidence=0.97 on GLD/2026-06-08, but is flagged overconfident historically","uses Experiment 3's overconfidence flags per (adapter, horizon) — no ticker/date approximation beyond that."
HIGH_CONFIDENCE_POOR_CALIBRATION,JPM,2026-06-08,observation_batch_day1_historical_extension__2026-06-08,deepalpha,"deepalpha confidence=0.89 on JPM/2026-06-08, but is flagged overconfident historically","uses Experiment 3's overconfidence flags per (adapter, horizon) — no ticker/date approximation beyond that."
HIGH_CONFIDENCE_POOR_CALIBRATION,NVDA,2026-06-08,observation_batch_day1_historical_extension__2026-06-08,deepalpha,"deepalpha confidence=0.97 on NVDA/2026-06-08, but is flagged overconfident historically","uses Experiment 3's overconfidence flags per (adapter, horizon) — no ticker/date approximation beyond that."
HIGH_CONFIDENCE_POOR_CALIBRATION,QQQ,2026-06-08,observation_batch_day1_historical_extension__2026-06-08,deepalpha,"deepalpha confidence=0.99 on QQQ/2026-06-08, but is flagged overconfident historically","uses Experiment 3's overconfidence flags per (adapter, horizon) — no ticker/date approximation beyond that."
HIGH_CONFIDENCE_POOR_CALIBRATION,SPY,2026-06-08,observation_batch_day1_historical_extension__2026-06-08,deepalpha,"deepalpha confidence=0.98 on SPY/2026-06-08, but is flagged overconfident historically","uses Experiment 3's overconfidence flags per (adapter, horizon) — no ticker/date approximation beyond that."
HIGH_WEIGHT_HIGH_DRAWDOWN,CASH,2026-07-06,observation_batch_day1__2026-07-06,"finrl,prediction_arena",finrl allocates weight=0.19 to CASH; prediction_arena reports max_drawdown=-0.26,Q4Portfolio and Q5Backtest are joined on task_id only (neither carries both ticker and date). 'high weight on ticker X' and 'severe drawdown' may come from unrelated adapters/strategies in the same run.
HIGH_WEIGHT_HIGH_DRAWDOWN,SPY,2026-07-06,observation_batch_day1__2026-07-06,"finrl,prediction_arena",finrl allocates weight=0.12 to SPY; prediction_arena reports max_drawdown=-0.26,Q4Portfolio and Q5Backtest are joined on task_id only (neither carries both ticker and date). 'high weight on ticker X' and 'severe drawdown' may come from unrelated adapters/strategies in the same run.
HIGH_WEIGHT_HIGH_DRAWDOWN,ADI,2026-07-06,observation_batch_day1__2026-07-06,"finrl_x,prediction_arena",finrl_x allocates weight=0.18 to ADI; prediction_arena reports max_drawdown=-0.26,Q4Portfolio and Q5Backtest are joined on task_id only (neither carries both ticker and date). 'high weight on ticker X' and 'severe drawdown' may come from unrelated adapters/strategies in the same run.
HIGH_WEIGHT_HIGH_DRAWDOWN,CSCO,2026-07-06,observation_batch_day1__2026-07-06,"finrl_x,prediction_arena",finrl_x allocates weight=0.15 to CSCO; prediction_arena reports max_drawdown=-0.26,Q4Portfolio and Q5Backtest are joined on task_id only (neither carries both ticker and date). 'high weight on ticker X' and 'severe drawdown' may come from unrelated adapters/strategies in the same run.
HIGH_WEIGHT_HIGH_DRAWDOWN,LRCX,2026-07-06,observation_batch_day1__2026-07-06,"finrl_x,prediction_arena",finrl_x allocates weight=0.23 to LRCX; prediction_arena reports max_drawdown=-0.26,Q4Portfolio and Q5Backtest are joined on task_id only (neither carries both ticker and date). 'high weight on ticker X' and 'severe drawdown' may come from unrelated adapters/strategies in the same run.
ACTION_ALPHA_DIRECTION_CONFLICT,AAPL,2026-07-06,,"deepalpha,qlib",deepalpha action=SELL vs qlib direction=LONG on AAPL/2026-07-06,"exact (ticker, date) join across Q1/Q3 — no approximation."
ACTION_ALPHA_DIRECTION_CONFLICT,JPM,2026-07-06,,"deepalpha,vibe_trading",deepalpha action=SELL vs vibe_trading direction=LONG on JPM/2026-07-06,"exact (ticker, date) join across Q1/Q3 — no approximation."
ACTION_ALPHA_DIRECTION_CONFLICT,NVDA,2026-07-06,,deepalpha,deepalpha action=BUY vs deepalpha direction=SHORT on NVDA/2026-07-06,"exact (ticker, date) join across Q1/Q3 — no approximation."
ACTION_ALPHA_DIRECTION_CONFLICT,NVDA,2026-07-06,,"deepalpha,finrl_x",deepalpha action=BUY vs finrl_x direction=SHORT on NVDA/2026-07-06,"exact (ticker, date) join across Q1/Q3 — no approximation."
ACTION_ALPHA_DIRECTION_CONFLICT,QQQ,2026-07-06,,deepalpha,deepalpha action=SELL vs deepalpha direction=LONG on QQQ/2026-07-06,"exact (ticker, date) join across Q1/Q3 — no approximation."
ACTION_ALPHA_DIRECTION_CONFLICT,QQQ,2026-07-06,,"deepalpha,vibe_trading",deepalpha action=SELL vs vibe_trading direction=LONG on QQQ/2026-07-06,"exact (ticker, date) join across Q1/Q3 — no approximation."
ACTION_ALPHA_DIRECTION_CONFLICT,XOM,2026-07-06,,deepalpha,deepalpha action=SELL vs deepalpha direction=LONG on XOM/2026-07-06,"exact (ticker, date) join across Q1/Q3 — no approximation."
ACTION_ALPHA_DIRECTION_CONFLICT,GLD,2026-07-06,,"deepalpha,tradingagents",tradingagents action=BUY vs deepalpha direction=SHORT on GLD/2026-07-06,"exact (ticker, date) join across Q1/Q3 — no approximation."
ACTION_ALPHA_DIRECTION_CONFLICT,JPM,2026-07-06,,"deepalpha,tradingagents",tradingagents action=BUY vs deepalpha direction=SHORT on JPM/2026-07-06,"exact (ticker, date) join across Q1/Q3 — no approximation."
ACTION_ALPHA_DIRECTION_CONFLICT,JPM,2026-07-06,,"rdagent,tradingagents",tradingagents action=BUY vs rdagent direction=SHORT on JPM/2026-07-06,"exact (ticker, date) join across Q1/Q3 — no approximation."
ACTION_ALPHA_DIRECTION_CONFLICT,NVDA,2026-07-06,,"deepalpha,tradingagents",tradingagents action=BUY vs deepalpha direction=SHORT on NVDA/2026-07-06,"exact (ticker, date) join across Q1/Q3 — no approximation."
ACTION_ALPHA_DIRECTION_CONFLICT,NVDA,2026-07-06,,"finrl_x,tradingagents",tradingagents action=BUY vs finrl_x direction=SHORT on NVDA/2026-07-06,"exact (ticker, date) join across Q1/Q3 — no approximation."
ACTION_ALPHA_DIRECTION_CONFLICT,QQQ,2026-07-06,,"finclaw,tradingagents",tradingagents action=BUY vs finclaw direction=SHORT on QQQ/2026-07-06,"exact (ticker, date) join across Q1/Q3 — no approximation."
ACTION_ALPHA_DIRECTION_CONFLICT,SPY,2026-07-06,,"deepalpha,tradingagents",tradingagents action=BUY vs deepalpha direction=SHORT on SPY/2026-07-06,"exact (ticker, date) join across Q1/Q3 — no approximation."
ACTION_ALPHA_DIRECTION_CONFLICT,SPY,2026-07-06,,"finclaw,tradingagents",tradingagents action=BUY vs finclaw direction=SHORT on SPY/2026-07-06,"exact (ticker, date) join across Q1/Q3 — no approximation."
ACTION_ALPHA_DIRECTION_CONFLICT,SPY,2026-07-06,,"qlib,tradingagents",tradingagents action=BUY vs qlib direction=SHORT on SPY/2026-07-06,"exact (ticker, date) join across Q1/Q3 — no approximation."
ACTION_ALPHA_DIRECTION_CONFLICT,XOM,2026-07-06,,"qlib,tradingagents",tradingagents action=BUY vs qlib direction=SHORT on XOM/2026-07-06,"exact (ticker, date) join across Q1/Q3 — no approximation."
ACTION_ALPHA_DIRECTION_CONFLICT,QQQ,2026-05-15,,"deepalpha,qlib",deepalpha action=SELL vs qlib direction=LONG on QQQ/2026-05-15,"exact (ticker, date) join across Q1/Q3 — no approximation."
ACTION_ALPHA_DIRECTION_CONFLICT,NVDA,2026-05-21,,"alphagen,deepalpha",deepalpha action=SELL vs alphagen direction=LONG on NVDA/2026-05-21,"exact (ticker, date) join across Q1/Q3 — no approximation."
ACTION_ALPHA_DIRECTION_CONFLICT,JPM,2026-05-27,,"deepalpha,qlib",deepalpha action=SELL vs qlib direction=LONG on JPM/2026-05-27,"exact (ticker, date) join across Q1/Q3 — no approximation."
ACTION_ALPHA_DIRECTION_CONFLICT,NVDA,2026-05-27,,"alphagen,deepalpha",deepalpha action=SELL vs alphagen direction=LONG on NVDA/2026-05-27,"exact (ticker, date) join across Q1/Q3 — no approximation."
ACTION_ALPHA_DIRECTION_CONFLICT,SPY,2026-05-27,,"alphagen,deepalpha",deepalpha action=SELL vs alphagen direction=LONG on SPY/2026-05-27,"exact (ticker, date) join across Q1/Q3 — no approximation."
ACTION_ALPHA_DIRECTION_CONFLICT,NVDA,2026-06-02,,"alphagen,deepalpha",deepalpha action=SELL vs alphagen direction=LONG on NVDA/2026-06-02,"exact (ticker, date) join across Q1/Q3 — no approximation."
ACTION_ALPHA_DIRECTION_CONFLICT,NVDA,2026-06-02,,"deepalpha,qlib",deepalpha action=SELL vs qlib direction=LONG on NVDA/2026-06-02,"exact (ticker, date) join across Q1/Q3 — no approximation."
ACTION_ALPHA_DIRECTION_CONFLICT,GLD,2026-06-08,,"deepalpha,qlib",deepalpha action=SELL vs qlib direction=LONG on GLD/2026-06-08,"exact (ticker, date) join across Q1/Q3 — no approximation."
ACTION_ALPHA_DIRECTION_CONFLICT,NVDA,2026-06-08,,"alphagen,deepalpha",deepalpha action=SELL vs alphagen direction=LONG on NVDA/2026-06-08,"exact (ticker, date) join across Q1/Q3 — no approximation."
ACTION_ALPHA_DIRECTION_CONFLICT,QQQ,2026-06-08,,deepalpha,deepalpha action=SELL vs deepalpha direction=LONG on QQQ/2026-06-08,"exact (ticker, date) join across Q1/Q3 — no approximation."
